id;monday_id;name;email;url
1;28051;mole overcharge;Deondre43@yahoo.com;https://winding-sandwich.info
2;92540;Southwest quod;Zaria0@gmail.com;https://lovable-second.biz
3;93130;nasal PCI Uranium;Jayda.Abshire4@hotmail.com;https://cylindrical-wit.name
4;83376;communities;Jolie_Mertz@yahoo.com;https://giddy-hearthside.net
5;89521;Decentralized;Polly62@hotmail.com;https://eminent-few.biz
6;5803;Jaguar;Dewayne_Torp94@hotmail.com;http://profitable-subsidence.name
7;94004;Steel aw lime;Daren22@hotmail.com;http://secondary-calcification.com
8;1684;Alley Functionality;Tiana.Champlin@gmail.com;http://pungent-yew.org
9;62666;Administrator;Vladimir82@yahoo.com;http://sugary-development.com
10;89471;Handcrafted;Royal15@yahoo.com;https://venerated-gallery.org
